site,borough,crashes,observed_rate,excess,segment_id,metres,counters_in_range,names_both_streets,directions_counted,counted_year,confidence,vehicles_per_day,million_vehicles,crashes_per_million,harmful_per_million
BRUCKNER BOULEVARD @ LONGWOOD AVENUE,BRONX,142,0.528,0.068,77482,39.9,2,True,2,2016,high,11916,19.328,7.347,3.881
EASTERN PARKWAY @ KINGSTON AVENUE,BROOKLYN,39,0.385,-0.14,150051,133.6,1,True,2,2023,high,3694,5.991,6.509,2.504
108 STREET @ NORTHERN BOULEVARD,QUEENS,43,0.674,0.151,83469,128.1,1,True,2,2024,high,7542,12.233,3.515,2.371
1 AVENUE @ EAST 125 STREET,MANHATTAN,60,0.5,0.055,119730,110.1,3,True,2,2014,high,9592,15.558,3.856,1.928
1 AVENUE @ EAST 116 STREET,MANHATTAN,46,0.587,0.047,68530,108.2,1,True,2,2023,high,8936,14.495,3.174,1.863
FULTON STREET @ WASHINGTON AVENUE,BROOKLYN,31,0.516,-0.062,29256,86.9,1,True,2,2016,high,7823,12.689,2.443,1.261
JOHNSON AVENUE @ STEWART AVENUE,BROOKLYN,25,0.6,0.11,44785,68.5,1,True,2,2017,high,8465,13.731,1.821,1.092
34 AVENUE @ JUNCTION BOULEVARD,QUEENS,26,0.615,0.018,175499,68.1,1,True,2,2021,high,9427,15.291,1.7,1.046
KINGS HIGHWAY @ LINDEN BOULEVARD,BROOKLYN,50,0.48,0.025,167253,37.2,2,True,2,2024,high,14370,23.307,2.145,1.03
BROADWAY @ WEST 230 STREET,BRONX,72,0.444,0.052,79678,64.7,4,True,2,2012,high,20224,32.804,2.195,0.975
EASTERN PARKWAY @ WASHINGTON AVENUE,BROOKLYN,40,0.55,0.024,163727,67.8,2,True,2,2010,high,14046,22.783,1.756,0.966
4 AVENUE @ 9 STREET,BROOKLYN,35,0.486,-0.031,162207,134.8,1,True,2,2017,high,11305,18.336,1.909,0.927
EAST 168 STREET @ WEBSTER AVENUE,BRONX,31,0.613,0.064,72263,25.8,2,True,2,2015,high,12768,20.71,1.497,0.917
ADAMS STREET @ TILLARY STREET,BROOKLYN,116,0.44,-0.047,148076,71.0,5,True,3,2025,high,39616,64.257,1.805,0.794
ATLANTIC AVENUE @ FLATBUSH AVENUE,BROOKLYN,107,0.43,-0.044,28962,55.4,1,True,2,2024,high,36085,58.53,1.828,0.786
BROADWAY @ WEST 96 STREET,MANHATTAN,35,0.571,-0.007,165958,86.4,2,True,2,2025,high,16238,26.338,1.329,0.759
8 AVENUE @ UNION STREET,BROOKLYN,40,0.35,-0.076,29025,119.3,1,True,2,2014,high,11890,19.286,2.074,0.726
PELHAM PARKWAY @ WHITE PLAINS ROAD,BRONX,63,0.682,0.116,9008825,105.3,2,True,2,2025,high,36754,59.615,1.057,0.721
LINDEN BOULEVARD @ UTICA AVENUE,BROOKLYN,36,0.444,-0.006,42089,30.9,2,True,2,2024,high,13684,22.195,1.622,0.721
EAST 170 STREET @ MORRIS AVENUE,BRONX,30,0.533,0.004,72152,14.6,2,True,2,2016,high,14085,22.847,1.313,0.7
LINDEN BOULEVARD @ NOSTRAND AVENUE,BROOKLYN,33,0.667,0.118,28605,121.8,2,True,2,2011,high,19902,32.28,1.022,0.682
CLARENDON ROAD @ RALPH AVENUE,BROOKLYN,41,0.658,0.155,42445,18.0,2,True,2,2011,high,25408,41.212,0.995,0.655
BOWERY @ CANAL STREET,MANHATTAN,74,0.392,-0.074,32478,65.7,1,True,2,2016,high,27798,45.088,1.641,0.643
BROADWAY @ QUEENS BOULEVARD,QUEENS,25,0.44,-0.135,253492,22.2,2,True,2,2024,high,11210,18.183,1.375,0.605
3 AVENUE @ 65 STREET,BROOKLYN,31,0.323,-0.073,161216,14.2,3,True,2,2022,high,10287,16.685,1.858,0.599
BRONX RIVER AVENUE @ WESTCHESTER AVENUE,BRONX,35,0.6,0.137,79057,126.1,3,True,2,2014,high,23783,38.576,0.907,0.544
FLUSHING AVENUE @ HUMBOLDT STREET,BROOKLYN,32,0.438,-0.052,44148,41.2,1,True,2,2014,high,16334,26.493,1.208,0.528
RIVERSIDE DRIVE @ WEST 165 STREET,MANHATTAN,41,0.488,0.122,70704,80.5,2,True,2,2019,high,23844,38.675,1.06,0.517
FLATLANDS AVENUE @ LOUISIANA AVENUE,BROOKLYN,31,0.677,0.124,157900,21.5,1,True,2,2013,high,25233,40.928,0.757,0.513
11 AVENUE @ WEST 42 STREET,MANHATTAN,46,0.283,-0.109,164628,61.6,2,True,2,2022,high,15781,25.597,1.797,0.508
NORTHERN BOULEVARD @ UNION STREET,QUEENS,62,0.581,0.012,179249,6.9,1,True,2,2014,high,43781,71.012,0.873,0.507
LIBERTY AVENUE @ SUTPHIN BOULEVARD,QUEENS,29,0.724,0.069,57194,19.7,1,True,2,2021,high,25886,41.988,0.691,0.5
LENOX AVENUE @ WEST 116 STREET,MANHATTAN,33,0.364,-0.164,166478,130.0,1,True,2,2014,high,14954,24.255,1.361,0.495
AMSTERDAM AVENUE @ WEST 178 STREET,MANHATTAN,52,0.288,-0.05,108162,38.4,5,True,2,2021,high,19054,30.906,1.683,0.485
86 STREET @ BAY PARKWAY,BROOKLYN,31,0.645,0.067,18909,41.4,6,True,2,2017,high,25470,41.313,0.75,0.484
ATLANTIC AVENUE @ NEVINS STREET,BROOKLYN,42,0.476,0.005,22825,0.4,3,True,2,2021,high,27571,44.72,0.939,0.447
ATLANTIC AVENUE @ HICKS STREET,BROOKLYN,81,0.185,-0.106,23655,69.2,2,True,2,2011,high,20996,34.055,2.378,0.44
FLATBUSH AVENUE @ GLENWOOD ROAD,BROOKLYN,30,0.533,0.129,28637,4.6,4,True,2,2023,high,22620,36.689,0.818,0.436
3 AVENUE @ 3 STREET,BROOKLYN,25,0.44,-0.007,105839,82.3,5,True,2,2024,high,18086,29.335,0.852,0.375
69 STREET @ NORTHERN BOULEVARD,QUEENS,26,0.538,0.036,75814,39.5,3,True,2,2024,high,23067,37.415,0.695,0.374
ALLEN STREET @ EAST HOUSTON STREET,MANHATTAN,31,0.419,-0.144,151599,41.2,2,True,2,2013,high,25702,41.689,0.744,0.312
HARLEM RIVER DRIVE @ WEST 155 STREET,MANHATTAN,39,0.308,-0.043,71025,32.4,2,True,2,2024,high,26448,42.899,0.909,0.28
3 AVENUE @ PROSPECT AVENUE,BROOKLYN,34,0.412,0.047,195025,58.8,4,True,2,2025,high,31258,50.7,0.671,0.276
JUNCTION BOULEVARD @ NORTHERN BOULEVARD,QUEENS,25,0.52,-0.097,76771,14.8,4,True,2,2022,high,30068,48.77,0.513,0.267
ATLANTIC AVENUE @ BOERUM PLACE,BROOKLYN,51,0.255,-0.143,132626,78.2,2,True,2,2020,high,31545,51.165,0.997,0.254
9 AVENUE @ WEST 34 STREET,MANHATTAN,25,0.44,-0.062,33662,1.8,1,True,3,2023,high,35848,58.145,0.43,0.189
DREW STREET @ LINDEN BOULEVARD,BROOKLYN,40,0.675,0.222,158079,121.7,1,False,1,2013,low,902,1.464,27.332,18.449
BRUCKNER BOULEVARD @ EAST 138 STREET,BRONX,161,0.478,0.058,70153,88.4,2,False,1,2015,low,3500,5.677,28.362,13.566
ELDERTS LANE @ LINDEN BOULEVARD,BROOKLYN,25,0.72,0.181,158079,39.4,1,False,1,2013,low,902,1.464,17.082,12.299
BOSTON ROAD @ PELHAM PARKWAY,BRONX,55,0.327,-0.142,87475,56.3,1,False,1,2016,low,1266,2.053,26.791,8.769
BRUCKNER BOULEVARD @ EAST 141 STREET,BRONX,41,0.561,0.142,70496,142.5,1,False,1,2025,low,2082,3.378,12.138,6.81
SKILLMAN AVENUE @ THOMSON AVENUE,QUEENS,38,0.605,0.111,67208,111.9,1,False,1,2015,low,2303,3.735,10.173,6.158
10 AVENUE @ WEST 207 STREET,MANHATTAN,64,0.406,-0.03,72747,38.3,1,False,1,2017,low,2690,4.363,14.668,5.958
ATLANTIC AVENUE @ WASHINGTON AVENUE,BROOKLYN,44,0.568,0.031,29338,108.0,1,False,1,2019,low,2609,4.232,10.397,5.908
UNIVERSITY AVENUE @ WEST FORDHAM ROAD,BRONX,85,0.494,-0.05,79627,97.4,1,False,1,2022,low,4584,7.436,11.431,5.648
77 AVENUE @ QUEENS BOULEVARD,QUEENS,28,0.357,-0.041,159294,63.7,2,False,1,2017,low,1124,1.823,15.358,5.484
AMSTERDAM AVENUE @ WEST 155 STREET,MANHATTAN,26,0.462,0.017,9008155,104.9,1,False,1,2018,low,1415,2.295,11.331,5.229
GLENWOOD ROAD @ UTICA AVENUE,BROOKLYN,40,0.55,0.042,149010,64.8,2,False,1,2018,low,2842,4.609,8.678,4.773
CANAL STREET @ HUDSON STREET,MANHATTAN,47,0.234,-0.144,31827,80.2,1,False,1,2015,low,1545,2.506,18.755,4.389
4 AVENUE @ SHORE ROAD,BROOKLYN,27,0.482,-0.078,160985,85.1,1,False,1,2016,low,2183,3.541,7.625,3.671
EASTERN PARKWAY @ ROCHESTER AVENUE,BROOKLYN,49,0.571,-0.007,43361,142.4,1,False,1,2021,low,4758,7.718,6.349,3.628
CROSS ISLAND PARKWAY @ NORTHERN BOULEVARD,QUEENS,74,0.378,-0.131,233467,97.9,1,False,1,2016,low,4797,7.781,9.51,3.599
GRAND CENTRAL PARKWAY @ JEWEL AVENUE,QUEENS,108,0.5,0.045,82888,79.4,1,False,1,2010,low,9712,15.754,6.856,3.428
4 AVENUE @ SHORE ROAD DRIVE,BROOKLYN,27,0.63,0.13,17724,81.6,1,False,1,2013,low,3103,5.033,5.365,3.378
BEACH CHANNEL DRIVE @ MOTT AVENUE,QUEENS,29,0.414,-0.104,119161,126.3,3,False,1,2016,low,2200,3.568,8.129,3.364
RUTLAND ROAD @ UTICA AVENUE,BROOKLYN,31,0.516,-0.034,42118,125.4,1,False,1,2011,low,2936,4.762,6.509,3.359
GRAHAM AVENUE @ GRAND STREET,BROOKLYN,33,0.727,0.054,44201,149.8,3,False,1,2013,low,4428,7.182,4.595,3.342
33 STREET @ NORTHERN BOULEVARD,QUEENS,32,0.875,0.052,67511,61.2,1,False,1,2010,low,5558,9.015,3.55,3.106
FLUSHING AVENUE @ FRANKLIN AVENUE,BROOKLYN,26,0.577,-0.054,30693,100.5,1,False,1,2012,low,3076,4.99,5.21,3.006
ATLANTIC AVENUE @ PENNSYLVANIA AVENUE,BROOKLYN,178,0.489,0.05,8102925,61.7,1,False,1,2025,low,18109,29.372,6.06,2.962
BEVERLEY ROAD @ OCEAN PARKWAY,BROOKLYN,44,0.659,0.069,27851,36.3,3,False,1,2018,low,6165,10.0,4.4,2.9
ROCKAWAY PARKWAY @ SHORE PARKWAY,BROOKLYN,111,0.496,-0.014,142806,51.6,2,False,1,2014,low,12160,19.724,5.628,2.788
BRIGHTON BEACH AVENUE @ OCEAN PARKWAY,BROOKLYN,33,0.576,-0.006,163033,42.6,2,False,1,2022,low,4578,7.425,4.445,2.559
1 AVENUE @ EAST 49 STREET,MANHATTAN,37,0.595,0.04,146115,131.8,3,False,1,2011,low,5349,8.676,4.265,2.536
BROADWAY @ FOREST AVENUE,STATEN ISLAND,28,0.536,0.073,12676,104.9,3,False,1,2016,low,3749,6.081,4.605,2.467
BROADWAY @ GATES AVENUE,BROOKLYN,33,0.485,-0.023,44966,137.7,1,False,1,2012,low,4152,6.734,4.9,2.376
ATLANTIC AVENUE @ GRAND AVENUE,BROOKLYN,31,0.516,0.066,29347,131.5,1,False,1,2016,low,4406,7.146,4.338,2.239
FLATBUSH AVENUE @ GRAND ARMY PLAZA,BROOKLYN,150,0.407,0.02,29141,72.4,2,False,1,2025,low,16996,27.568,5.441,2.213
BUSHWICK AVENUE @ JOHNSON AVENUE,BROOKLYN,32,0.562,-0.079,44170,148.5,2,False,1,2009,low,5185,8.409,3.805,2.14
FOOD CENTER DRIVE @ HALLECK STREET,BRONX,28,0.321,-0.016,154461,21.7,2,False,1,2016,low,2599,4.216,6.641,2.134
CROSS BRONX EXPRESSWAY @ JEROME AVENUE,BRONX,104,0.481,0.05,72189,106.5,2,False,1,2015,low,15062,24.43,4.257,2.047
FLUSHING AVENUE @ WILLIAMSBURG STREET WEST,BROOKLYN,41,0.634,0.102,163946,17.7,1,False,1,2016,low,7836,12.71,3.226,2.045
CROSS BRONX EXPRESSWAY @ WHITE PLAINS ROAD,BRONX,69,0.522,0.04,177936,149.5,4,False,1,2015,low,10878,17.644,3.911,2.04
LONG ISLAND EXPRESSWAY @ SPRINGFIELD BOULEVARD,QUEENS,27,0.482,-0.068,140550,55.5,2,False,1,2010,low,3990,6.472,4.172,2.009
ALLERTON AVENUE @ WHITE PLAINS ROAD,BRONX,27,0.704,0.079,131327,129.6,1,False,1,2018,low,6150,9.975,2.707,1.905
FLATLANDS AVENUE @ RALPH AVENUE,BROOKLYN,68,0.559,0.046,41389,78.6,4,False,1,2015,low,12382,20.084,3.386,1.892
DELANCEY STREET @ LUDLOW STREET,MANHATTAN,44,0.386,-0.035,164301,134.7,2,False,1,2019,low,5604,9.09,4.841,1.87
MAIN STREET @ ROOSEVELT AVENUE,QUEENS,47,0.532,-0.065,91197,44.9,1,False,1,2019,low,8358,13.556,3.467,1.844
AVENUE R @ OCEAN PARKWAY,BROOKLYN,27,0.593,0.063,163241,130.6,2,False,1,2017,low,5414,8.781,3.075,1.822
CLASSON AVENUE @ FLUSHING AVENUE,BROOKLYN,58,0.397,-0.086,163946,63.0,1,False,1,2016,low,7836,12.71,4.563,1.81
BOERUM PLACE @ LIVINGSTON STREET,BROOKLYN,26,0.615,0.032,24185,140.5,1,False,1,2016,low,5566,9.029,2.88,1.772
EAST 163 STREET @ WESTCHESTER AVENUE,BRONX,33,0.606,0.115,77349,148.5,1,False,1,2016,low,6968,11.302,2.92,1.77
DELANCEY STREET @ ORCHARD STREET,MANHATTAN,38,0.421,-0.034,164301,86.0,2,False,1,2019,low,5604,9.09,4.181,1.76
BROADWAY @ HALSEY STREET,BROOKLYN,25,0.44,0.02,43804,86.6,1,False,1,2026,low,3996,6.482,3.857,1.697
AMSTERDAM AVENUE @ WEST 181 STREET,MANHATTAN,81,0.432,0.059,71297,100.3,2,False,1,2016,low,12805,20.769,3.9,1.685
CROTONA AVENUE @ EAST FORDHAM ROAD,BRONX,34,0.559,0.08,80396,114.2,3,False,1,2022,low,7076,11.477,2.962,1.655
HAMILTON AVENUE @ HICKS STREET,BROOKLYN,35,0.343,-0.065,142608,75.0,1,False,1,2016,low,4486,7.275,4.811,1.65
CYPRESS AVENUE @ CYPRESS HILLS STREET,QUEENS,52,0.442,-0.009,149299,25.5,2,False,1,2026,low,8668,14.059,3.699,1.636
BRUCKNER BOULEVARD @ HUNTS POINT AVENUE,BRONX,163,0.374,-0.041,184222,42.0,9,False,1,2016,low,23876,38.727,4.209,1.575
DAVIDSON AVENUE @ WEST FORDHAM ROAD,BRONX,34,0.382,-0.058,79757,119.3,1,False,1,2014,low,5231,8.485,4.007,1.532
BUSHWICK AVENUE @ GRAND STREET,BROOKLYN,46,0.522,-0.095,110454,12.3,3,False,1,2016,low,9700,15.733,2.924,1.525
69 STREET @ QUEENS BOULEVARD,QUEENS,47,0.702,0.132,145143,122.3,2,False,1,2015,low,14067,22.817,2.06,1.446
HILLSIDE AVENUE @ VANWYCK EXPRESSWAY,QUEENS,54,0.352,0.004,56511,70.3,1,False,1,2013,low,8356,13.553,3.984,1.402
3 AVENUE @ 58 STREET,BROOKLYN,31,0.452,0.057,17790,131.9,2,False,1,2015,low,6457,10.473,2.96,1.337
BROADWAY @ MARCY AVENUE,BROOKLYN,29,0.414,-0.111,164001,146.8,4,False,1,2015,low,5613,9.104,3.185,1.318
JAMAICA AVENUE @ PENNSYLVANIA AVENUE,BROOKLYN,99,0.384,-0.015,141900,112.3,3,False,1,2019,low,17918,29.063,3.406,1.307
COURTLANDT AVENUE @ EAST 149 STREET,BRONX,44,0.546,0.091,70063,144.4,1,False,1,2014,low,11378,18.456,2.384,1.301
9 AVENUE @ WEST 37 STREET,MANHATTAN,27,0.407,-0.05,164674,67.0,1,False,1,2017,low,5292,8.584,3.146,1.281
CENTRE STREET @ CHAMBERS STREET,MANHATTAN,26,0.538,0.103,23561,104.7,1,False,1,2019,low,6834,11.085,2.346,1.263
EAST NEW YORK AVENUE @ UTICA AVENUE,BROOKLYN,35,0.6,0.082,43241,107.6,1,False,1,2010,low,10421,16.903,2.071,1.242
62 DRIVE @ QUEENS BOULEVARD,QUEENS,27,0.556,-0.046,176936,61.4,2,False,1,2011,low,7508,12.179,2.217,1.232
ALLEN STREET @ DELANCEY STREET,MANHATTAN,88,0.42,-0.016,158913,127.6,3,False,1,2024,low,18859,30.589,2.877,1.21
114 STREET @ ROOSEVELT AVENUE,QUEENS,46,0.478,-0.034,177559,92.1,1,False,1,2015,low,11500,18.653,2.466,1.18
AVENUE H @ FLATBUSH AVENUE,BROOKLYN,40,0.675,0.086,110369,106.0,1,False,1,2022,low,14262,23.132,1.729,1.167
HYLAN BOULEVARD @ NARROWS ROAD NORTH,STATEN ISLAND,46,0.544,0.071,160779,115.4,1,False,1,2012,low,13781,22.352,2.058,1.118
CONCOURSE VLG EAST @ EAST 161 STREET,BRONX,32,0.5,-0.086,71744,83.3,2,False,1,2017,low,8957,14.528,2.203,1.101
EAST 161 STREET @ MORRIS AVENUE,BRONX,35,0.457,0.011,71744,83.7,2,False,1,2017,low,8957,14.528,2.409,1.101
FULTON STREET @ PENNSYLVANIA AVENUE,BROOKLYN,59,0.542,0.051,8102925,105.3,1,False,1,2025,low,18109,29.372,2.009,1.09
31 STREET @ ASTORIA BOULEVARD,QUEENS,94,0.447,0.04,111705,105.5,1,False,1,2016,low,23974,38.886,2.417,1.08
EAST 149 STREET @ EXTERIOR STREET,BRONX,38,0.658,0.2,173430,50.8,4,False,1,2016,low,14314,23.217,1.637,1.077
63 DRIVE @ QUEENS BOULEVARD,QUEENS,29,0.517,-0.05,176984,86.6,3,False,1,2011,low,8757,14.203,2.042,1.056
BELT PARKWAY @ KNAPP STREET,BROOKLYN,32,0.688,0.252,152317,89.3,1,False,1,2009,low,13071,21.201,1.509,1.038
AVENUE Z @ OCEAN PARKWAY,BROOKLYN,40,0.575,0.014,25426,122.2,1,False,1,2016,low,13960,22.643,1.767,1.016
REMSEN AVENUE @ UTICA AVENUE,BROOKLYN,26,0.654,0.176,43241,107.6,1,False,1,2010,low,10421,16.903,1.538,1.006
ALLERTON AVENUE @ BRONX PARK EAST,BRONX,46,0.413,0.025,87518,71.0,4,False,1,2009,low,11772,19.094,2.409,0.995
FARMERS BOULEVARD @ MERRICK BOULEVARD,QUEENS,58,0.414,-0.065,135240,116.3,1,False,1,2017,low,14922,24.203,2.396,0.992
GLENWOOD ROAD @ RALPH AVENUE,BROOKLYN,30,0.6,0.076,167282,132.6,1,False,1,2016,low,11249,18.246,1.644,0.987
EAST HOUSTON STREET @ ESSEX STREET,MANHATTAN,27,0.518,0.022,152192,28.8,2,False,1,2019,low,8808,14.287,1.89,0.98
BRONX RIVER AVENUE @ EAST 174 STREET,BRONX,27,0.593,0.1,9008113,106.7,7,False,1,2019,low,10188,16.525,1.634,0.968
BOSTON ROAD @ DYRE AVENUE,BRONX,25,0.64,0.037,95653,76.0,1,False,1,2021,low,10215,16.569,1.509,0.966
138 STREET @ HILLSIDE AVENUE,QUEENS,28,0.464,0.047,56511,129.6,1,False,1,2013,low,8356,13.553,2.066,0.959
BRUCKNER EXPRESSWAY @ PELHAM PARKWAY,BRONX,33,0.606,0.14,158424,27.4,2,False,1,2008,low,12859,20.857,1.582,0.959
EASTERN PARKWAY @ ROGERS AVENUE,BROOKLYN,35,0.486,0.068,29654,149.4,1,False,1,2013,low,11044,17.913,1.954,0.949
BRADHURST AVENUE @ WEST 145 STREET,MANHATTAN,25,0.68,0.128,38916,122.5,1,False,1,2019,low,11056,17.933,1.394,0.948
BUSHWICK AVENUE @ EASTERN PARKWAY,BROOKLYN,41,0.537,0.007,47355,117.7,1,False,1,2013,low,14529,23.567,1.74,0.934
BEDFORD AVENUE @ FLUSHING AVENUE,BROOKLYN,38,0.395,-0.096,30862,99.5,2,False,1,2012,low,9984,16.194,2.347,0.926
ARTHUR KILL ROAD @ DRUMGOOLE ROAD WEST,STATEN ISLAND,43,0.535,0.02,143808,103.8,1,False,1,2023,low,15396,24.972,1.722,0.921
NORTH CONDUIT AVENUE @ ROCKAWAY BOULEVARD,QUEENS,65,0.523,0.067,59285,39.4,1,False,1,2009,low,22840,37.046,1.755,0.918
LINDEN BOULEVARD @ ROCKAWAY PARKWAY,BROOKLYN,73,0.384,-0.086,135364,60.5,1,False,1,2021,low,18962,30.757,2.373,0.91
65 STREET @ BROADWAY,QUEENS,28,0.5,-0.032,75767,49.6,2,False,1,2012,low,9630,15.619,1.793,0.896
37 AVENUE @ BROADWAY,QUEENS,33,0.424,-0.031,75767,128.7,6,False,1,2012,low,9630,15.619,2.113,0.896
JAY STREET @ TILLARY STREET,BROOKLYN,75,0.373,-0.169,158075,27.5,3,False,1,2016,low,19441,31.533,2.378,0.888
LIBERTY AVENUE @ MERRICK BOULEVARD,QUEENS,30,0.567,0.11,60375,121.9,1,False,1,2015,low,12012,19.483,1.54,0.873
JAY STREET @ SANDS STREET,BROOKLYN,78,0.372,-0.093,108097,142.7,2,False,1,2012,low,20740,33.639,2.319,0.862
EAST 149 STREET @ GERARD AVENUE,BRONX,32,0.625,0.099,173430,147.5,3,False,1,2016,low,14314,23.217,1.378,0.861
SAINT NICHOLAS AVENUE @ WEST 145 STREET,MANHATTAN,32,0.469,0.038,38916,54.2,1,False,1,2019,low,11056,17.933,1.784,0.837
HUMBOLDT STREET @ MEEKER AVENUE,BROOKLYN,51,0.353,-0.037,35619,56.3,3,False,1,2015,low,13454,21.822,2.337,0.825
EAST 138 STREET @ EXTERIOR STREET,BRONX,90,0.367,0.0,138734,25.7,5,False,1,2016,low,24705,40.072,2.246,0.824
JACKSON AVENUE @ QUEENS BOULEVARD,QUEENS,72,0.431,-0.091,67234,127.5,1,False,1,2015,low,23342,37.86,1.902,0.819
METROPOLITAN AVENUE @ VANDERVORT AVENUE,BROOKLYN,35,0.4,-0.007,184272,43.9,1,False,1,2008,low,10545,17.104,2.046,0.819
BORDEN AVENUE @ GREENPOINT AVENUE,QUEENS,62,0.532,0.072,143052,140.6,1,False,1,2025,low,24924,40.428,1.534,0.816
ROCKAWAY BOULEVARD @ SOUTH CONDUIT AVENUE,QUEENS,59,0.508,0.045,59285,91.7,1,False,1,2009,low,22840,37.046,1.593,0.81
FLATBUSH AVENUE @ PLAZA STREET EAST,BROOKLYN,34,0.647,0.171,29141,24.0,1,False,1,2025,low,16996,27.568,1.233,0.798
1 AVENUE @ EAST 96 STREET,MANHATTAN,58,0.362,-0.08,132937,21.3,1,False,1,2022,low,16545,26.835,2.161,0.783
HYLAN BOULEVARD @ STEUBEN STREET,STATEN ISLAND,31,0.355,-0.073,152130,135.8,1,False,1,2009,low,8760,14.209,2.182,0.774
PENNSYLVANIA AVENUE @ STANLEY AVENUE,BROOKLYN,43,0.419,-0.101,9005794,91.9,1,False,1,2012,low,14369,23.307,1.845,0.772
BROADWAY @ WEST 181 STREET,MANHATTAN,28,0.357,-0.102,71115,86.7,2,False,1,2019,low,8008,12.989,2.156,0.77
37 AVENUE @ 69 STREET,QUEENS,28,0.429,-0.011,75767,95.1,6,False,1,2012,low,9630,15.619,1.793,0.768
17 STREET @ 4 AVENUE,BROOKLYN,34,0.471,-0.029,186614,83.3,2,False,1,2016,low,13065,21.192,1.604,0.755
EAST 163 STREET @ SIMPSON STREET,BRONX,33,0.424,0.026,77629,141.9,3,False,1,2011,low,11445,18.564,1.778,0.754
EAST 149 STREET @ WALTON AVENUE,BRONX,29,0.483,-0.101,251526,105.8,1,False,1,2016,low,12052,19.548,1.484,0.716
CONEY ISLAND AVENUE @ NEPTUNE AVENUE,BROOKLYN,25,0.44,-0.115,25708,110.6,1,False,1,2014,low,9530,15.458,1.617,0.712
EAST 174 STREET @ JEROME AVENUE,BRONX,26,0.654,0.253,72189,80.1,1,False,1,2015,low,15062,24.43,1.064,0.696
FLATBUSH AVENUE @ NOSTRAND AVENUE,BROOKLYN,28,0.571,-0.01,110369,60.8,3,False,1,2022,low,14262,23.132,1.21,0.692
3 AVENUE @ ATLANTIC AVENUE,BROOKLYN,33,0.364,-0.037,22935,114.2,1,False,1,2019,low,10733,17.409,1.896,0.689
3 AVENUE @ EAST 59 STREET,MANHATTAN,55,0.309,-0.041,36264,77.0,1,False,1,2011,low,15498,25.138,2.188,0.676
41 AVENUE @ MAIN STREET,QUEENS,26,0.346,-0.174,91197,76.2,2,False,1,2019,low,8358,13.556,1.918,0.664
EAST 163 STREET @ SOUTHERN BOULEVARD,BRONX,30,0.533,0.043,186008,100.4,5,False,1,2011,low,15232,24.706,1.214,0.648
CROSS BRONX EXPRESSWAY @ NOBLE AVENUE,BRONX,40,0.3,-0.052,177876,123.8,1,False,1,2017,low,11447,18.567,2.154,0.646
79 STREET @ LINDEN BOULEVARD,QUEENS,45,0.511,0.001,184848,51.5,11,False,1,2013,low,21994,35.674,1.261,0.645
CLOVE ROAD @ NARROWS ROAD NORTH,STATEN ISLAND,44,0.432,-0.011,13133,110.9,2,False,1,2015,low,18201,29.522,1.49,0.644
BAINBRIDGE AVENUE @ EAST GUN HILL ROAD,BRONX,42,0.238,-0.19,81347,129.0,1,False,1,2009,low,9618,15.601,2.692,0.641
3 AVENUE @ EAST 58 STREET,MANHATTAN,31,0.581,0.123,134999,125.1,4,False,1,2025,low,17820,28.904,1.073,0.623
EAST 60 STREET @ LEXINGTON AVENUE,MANHATTAN,31,0.484,-0.071,36264,110.9,1,False,1,2011,low,15498,25.138,1.233,0.597
EAST 135 STREET @ WILLIS AVENUE,BRONX,54,0.463,0.01,276694,88.9,1,False,1,2025,low,26108,42.347,1.275,0.59
AVENUE OF THE AMERICAS @ WEST 34 STREET,MANHATTAN,42,0.571,0.016,33913,59.0,1,False,1,2021,low,25114,40.735,1.031,0.589
2 AVENUE @ EAST 40 STREET,MANHATTAN,31,0.871,0.277,35942,122.6,1,False,1,2019,low,28372,46.019,0.674,0.587
EAST 125 STREET @ MADISON AVENUE,MANHATTAN,44,0.409,0.046,69073,126.5,1,False,1,2011,low,19154,31.067,1.416,0.579
BROADWAY @ CANAL STREET,MANHATTAN,43,0.349,0.004,32329,114.0,2,False,1,2013,low,16110,26.13,1.646,0.574
QUEENS BOULEVARD @ UNION TURNPIKE,QUEENS,53,0.34,-0.115,156599,57.9,2,False,1,2019,low,20395,33.08,1.602,0.544
EAST 138 STREET @ GRAND CONCOURSE,BRONX,43,0.488,0.073,173408,131.8,5,False,1,2016,low,23871,38.719,1.111,0.542
3 AVENUE @ EAST 135 STREET,BRONX,48,0.354,-0.031,9004563,122.3,1,False,1,2025,low,19432,31.519,1.523,0.539
BRUCKNER BOULEVARD @ EDGEWATER ROAD,BRONX,29,0.448,0.017,77851,38.2,3,False,1,2015,low,14998,24.328,1.192,0.534
7 AVENUE @ FLATBUSH AVENUE,BROOKLYN,33,0.515,0.061,29049,83.0,2,False,1,2013,low,19745,32.026,1.03,0.531
BROOKLYN QUEENS EXPRESSWAY @ QUEENS BOULEVARD,QUEENS,27,0.444,-0.002,145143,144.0,1,False,1,2015,low,14067,22.817,1.183,0.526
8 AVENUE @ WEST 42 STREET,MANHATTAN,56,0.482,-0.034,33955,126.0,1,False,1,2014,low,31714,51.441,1.089,0.525
CONDUIT BOULEVARD @ LIBERTY AVENUE,BROOKLYN,51,0.353,-0.131,48433,68.1,4,False,1,2013,low,21152,34.309,1.486,0.525
92 STREET @ GATLING PLACE,BROOKLYN,28,0.357,-0.11,161075,93.9,1,False,1,2017,low,11954,19.389,1.444,0.516
1 AVENUE @ EAST 62 STREET,MANHATTAN,56,0.375,-0.064,36403,108.4,3,False,1,2016,low,25119,40.743,1.374,0.515
WILLIAMSBURG STREET EAST @ WYTHE AVENUE,BROOKLYN,41,0.415,-0.036,30683,128.5,1,False,1,2023,low,20499,33.249,1.233,0.511
BEACH AVENUE @ HYLAN BOULEVARD,STATEN ISLAND,45,0.356,-0.094,155399,39.9,1,False,1,2009,low,19769,32.065,1.403,0.499
BRUCKNER BOULEVARD @ BRUSH AVENUE,BRONX,61,0.475,0.105,142841,126.0,2,False,1,2010,low,35906,58.239,1.047,0.498
CANAL STREET @ CENTRE STREET,MANHATTAN,37,0.351,-0.064,32329,109.6,1,False,1,2013,low,16110,26.13,1.416,0.498
2 AVENUE @ EAST 60 STREET,MANHATTAN,71,0.422,-0.097,188851,111.4,5,False,1,2012,low,37250,60.419,1.175,0.496
LINDEN BOULEVARD @ WILLIAMS AVENUE,BROOKLYN,39,0.436,0.026,158203,114.1,3,False,1,2018,low,21864,35.463,1.1,0.479
LONG ISLAND EXPRESSWAY @ MAURICE AVENUE,QUEENS,42,0.548,0.141,66987,62.0,2,False,1,2019,low,29818,48.366,0.868,0.476
CROSS ISLAND PARKWAY @ SOUTHERN STATE PARKWAY,QUEENS,27,0.444,0.003,65788,63.1,1,False,1,2017,low,15559,25.237,1.07,0.475
AVENUE OF THE AMERICAS @ WEST 42 STREET,MANHATTAN,59,0.508,0.014,34052,123.1,1,False,1,2017,low,40652,65.937,0.895,0.455
BEDFORD AVENUE @ WILLIAMSBURG STREET WEST,BROOKLYN,27,0.556,0.005,30683,133.4,1,False,1,2023,low,20499,33.249,0.812,0.451
FLATBUSH AVENUE @ PROSPECT PLACE,BROOKLYN,25,0.52,-0.005,29048,111.6,1,False,1,2013,low,18169,29.47,0.848,0.441
2 AVENUE @ EAST 59 STREET,MANHATTAN,58,0.414,-0.049,36263,121.4,6,False,1,2022,low,33788,54.803,1.058,0.438
11 AVENUE @ WEST 40 STREET,MANHATTAN,60,0.15,-0.159,33609,111.1,1,False,1,2022,low,12982,21.057,2.849,0.427
EAST 96 STREET @ FDR DRIVE,MANHATTAN,27,0.407,0.059,132937,60.9,1,False,1,2022,low,16545,26.835,1.006,0.41
3 AVENUE @ EAST 60 STREET,MANHATTAN,25,0.4,-0.047,36264,110.6,1,False,1,2011,low,15498,25.138,0.994,0.398
EAST 34 STREET @ FDR DRIVE,MANHATTAN,30,0.467,0.125,35887,139.2,4,False,1,2017,low,21874,35.479,0.846,0.395
225 STREET @ HEMPSTEAD AVENUE,QUEENS,28,0.571,0.086,155613,127.1,5,False,1,2016,low,25568,41.471,0.675,0.386
CANAL STREET @ MULBERRY STREET,MANHATTAN,28,0.357,-0.036,32321,8.8,1,False,1,2023,low,16005,25.961,1.079,0.385
BROADWAY @ EAST HOUSTON STREET,MANHATTAN,31,0.452,-0.08,159186,103.4,3,False,1,2016,low,22793,36.97,0.839,0.379
BUSHWICK AVENUE @ JAMAICA AVENUE,BROOKLYN,27,0.407,-0.046,141900,99.7,3,False,1,2019,low,17918,29.063,0.929,0.378
ROEBLING STREET @ SOUTH 4 STREET,BROOKLYN,28,0.679,0.019,191195,82.2,2,False,1,2012,low,31360,50.865,0.55,0.374
31 STREET @ HOYT AVENUE SOUTH,QUEENS,32,0.438,0.066,111705,57.3,1,False,1,2016,low,23974,38.886,0.823,0.36
FLATBUSH AVENUE @ STERLING PLACE,BROOKLYN,25,0.44,-0.035,29049,121.0,2,False,1,2013,low,19745,32.026,0.781,0.343
HOOK CREEK BOULEVARD @ SUNRISE HIGHWAY,QUEENS,40,0.475,-0.005,64059,87.6,2,False,1,2021,low,34235,55.529,0.72,0.342
9 AVENUE @ WEST 46 STREET,MANHATTAN,27,0.593,0.011,33846,120.5,1,False,1,2014,low,28910,46.892,0.576,0.341
ELIOT AVENUE @ WOODHAVEN BOULEVARD,QUEENS,40,0.475,0.009,149223,30.0,2,False,1,2014,low,36038,58.453,0.684,0.325
BROADWAY @ WEST 179 STREET,MANHATTAN,27,0.333,-0.041,70969,109.4,2,False,1,2019,low,17498,28.382,0.951,0.317
8 AVENUE @ WEST 30 STREET,MANHATTAN,30,0.567,-0.036,33656,37.4,1,False,1,2017,low,34023,55.186,0.544,0.308
8 AVENUE @ WEST 31 STREET,MANHATTAN,52,0.327,-0.098,33656,41.6,1,False,1,2017,low,34023,55.186,0.942,0.308
23 AVENUE @ 82 STREET,QUEENS,37,0.378,-0.044,175381,121.5,2,False,1,2017,low,28718,46.581,0.794,0.301
7 AVENUE @ WEST 34 STREET,MANHATTAN,38,0.526,-0.082,33821,120.1,1,False,1,2017,low,41098,66.66,0.57,0.3
EAST 96 STREET @ FRANKLIN D ROOSEVELT DRIVE,MANHATTAN,27,0.296,-0.082,132937,61.7,1,False,1,2022,low,16545,26.835,1.006,0.298
BRUCKNER BOULEVARD @ LINCOLN AVENUE,BRONX,32,0.594,0.161,144024,139.4,5,False,1,2023,low,40182,65.175,0.491,0.292
2 AVENUE @ EAST 36 STREET,MANHATTAN,46,0.478,0.006,35746,118.4,2,False,1,2015,low,47124,76.435,0.602,0.288
EAST 138 STREET @ GERARD AVENUE,BRONX,26,0.423,0.058,173408,82.0,5,False,1,2016,low,23871,38.719,0.672,0.284
ATLANTIC AVENUE @ HIGHLAND PLACE,BROOKLYN,25,0.44,0.071,158340,61.9,1,False,1,2010,low,25897,42.005,0.595,0.262
I 678 @ LINDEN PLACE,QUEENS,36,0.667,0.228,142848,55.9,1,False,1,2014,low,58041,94.143,0.382,0.255
2 AVENUE @ EAST 61 STREET,MANHATTAN,36,0.417,-0.148,188851,99.1,5,False,1,2012,low,37250,60.419,0.596,0.248
1 AVENUE @ EAST 60 STREET,MANHATTAN,35,0.429,-0.083,188851,144.0,8,False,1,2012,low,37250,60.419,0.579,0.248
33 STREET @ ASTORIA BOULEVARD,QUEENS,49,0.245,-0.062,143289,32.9,1,False,1,2016,low,31309,50.783,0.965,0.236
1 AVENUE @ EAST 61 STREET,MANHATTAN,30,0.4,-0.142,188851,133.4,6,False,1,2012,low,37250,60.419,0.497,0.199
2 AVENUE @ EAST 62 STREET,MANHATTAN,30,0.3,-0.205,36375,117.8,1,False,1,2025,low,30761,49.894,0.601,0.18
BRONX RIVER AVENUE @ BRUCKNER BOULEVARD,BRONX,58,0.448,-0.046,9014394,114.6,3,False,1,2018,low,90373,146.585,0.396,0.177
LINDEN PLACE @ WHITESTONE EXPRESSWAY,QUEENS,44,0.523,0.154,142783,63.6,6,False,1,2019,low,82912,134.483,0.327,0.171
7 AVENUE @ WEST 36 STREET,MANHATTAN,27,0.407,-0.148,33821,44.1,1,False,1,2017,low,41098,66.66,0.405,0.165
EAST 61 STREET @ YORK AVENUE,MANHATTAN,30,0.4,0.007,36524,72.8,5,False,1,2007,low,64292,104.282,0.288,0.115
LEFFERTS BOULEVARD @ NORTH CONDUIT AVENUE,QUEENS,73,0.507,0.032,54853,41.3,1,True,1,2013,medium,1281,2.078,35.124,17.801
BRUCKNER BOULEVARD @ LEGGETT AVENUE,BRONX,175,0.526,0.08,175598,35.2,2,True,1,2016,medium,6370,10.333,16.936,8.903
EAST FORDHAM ROAD @ SOUTHERN BOULEVARD,BRONX,104,0.49,-0.009,185661,123.8,1,True,1,2012,medium,3607,5.85,17.778,8.718
CROSS BRONX EXPRESSWAY @ RANDALL AVENUE,BRONX,28,0.714,0.272,179513,4.1,1,True,1,2020,medium,2145,3.479,8.048,5.749
BROADWAY @ ROEBLING STREET,BROOKLYN,27,0.37,-0.158,30582,47.6,1,True,1,2013,medium,1208,1.959,13.786,5.106
KINGS HIGHWAY @ UTICA AVENUE,BROOKLYN,46,0.478,0.067,149010,68.0,2,True,1,2018,medium,2842,4.609,9.98,4.773
EAST 161 STREET @ MELROSE AVENUE,BRONX,53,0.774,0.22,70436,37.1,3,True,1,2013,medium,5855,9.496,5.581,4.318
QUEENS BOULEVARD @ YELLOWSTONE BOULEVARD,QUEENS,59,0.492,-0.078,151257,54.5,1,True,1,2016,medium,4510,7.314,8.066,3.965
21 STREET @ BROADWAY,QUEENS,35,0.657,0.114,106837,28.7,2,True,1,2012,medium,3631,5.89,5.942,3.905
LINDEN BOULEVARD @ PENNSYLVANIA AVENUE,BROOKLYN,153,0.549,0.061,168055,103.0,1,True,1,2014,medium,13561,21.996,6.956,3.819
CHURCH AVENUE @ ROCKAWAY PARKWAY,BROOKLYN,27,0.667,0.052,42646,82.9,1,True,1,2024,medium,2948,4.782,5.646,3.764
1 AVENUE @ EAST 42 STREET,MANHATTAN,52,0.577,0.172,147489,40.7,1,True,1,2021,medium,5800,9.408,5.527,3.189
CHURCH AVENUE @ FLATBUSH AVENUE,BROOKLYN,42,0.762,0.217,28363,31.6,1,True,1,2017,medium,6295,10.21,4.114,3.134
QUEENS BOULEVARD @ SKILLMAN AVENUE,QUEENS,52,0.462,-0.015,67379,50.8,1,True,1,2013,medium,4925,7.988,6.509,3.004
EAST 165 STREET @ GRAND CONCOURSE,BRONX,41,0.756,0.16,174214,44.4,3,True,1,2011,medium,6622,10.741,3.817,2.886
MERMAID AVENUE @ STILLWELL AVENUE,BROOKLYN,25,0.6,0.013,18476,80.4,2,True,1,2010,medium,3253,5.277,4.737,2.842
LINDEN BOULEVARD @ ROCKAWAY AVENUE,BROOKLYN,83,0.446,-0.003,191420,132.9,2,False,2,2023,medium,8053,13.062,6.354,2.833
48 STREET @ QUEENS BOULEVARD,QUEENS,26,0.385,-0.122,172648,123.3,1,True,1,2019,medium,2294,3.72,6.988,2.688
JEROME AVENUE @ WEST FORDHAM ROAD,BRONX,32,0.656,0.035,79757,135.9,1,True,1,2014,medium,5231,8.485,3.771,2.475
EAST TREMONT AVENUE @ GRAND CONCOURSE,BRONX,47,0.489,-0.057,148857,34.7,2,True,1,2012,medium,5879,9.536,4.929,2.412
65 STREET @ 7 AVENUE,BROOKLYN,67,0.403,-0.029,20561,44.0,1,True,1,2012,medium,7082,11.487,5.833,2.351
CROSS BRONX EXPRESSWAY @ ROSEDALE AVENUE,BRONX,117,0.368,-0.025,177876,18.9,1,True,1,2017,medium,11447,18.567,6.301,2.316
EAST 180 STREET @ WEBSTER AVENUE,BRONX,39,0.462,0.016,78573,54.9,2,True,1,2023,medium,4941,8.014,4.867,2.246
FLUSHING AVENUE @ WASHINGTON AVENUE,BROOKLYN,25,0.84,0.104,30330,42.3,1,True,1,2009,medium,5774,9.365,2.669,2.242
BOSTON ROAD @ EAST TREMONT AVENUE,BRONX,34,0.559,0.039,263398,46.7,1,True,1,2023,medium,5379,8.725,3.897,2.178
62 DRIVE @ JUNCTION BOULEVARD,QUEENS,26,0.577,0.031,176975,92.4,1,True,1,2011,medium,4307,6.985,3.722,2.147
NEPTUNE AVENUE @ WEST 5 STREET,BROOKLYN,32,0.625,0.017,151399,39.3,1,True,1,2019,medium,5773,9.364,3.417,2.136
PARSONS BOULEVARD @ UNION TURNPIKE,QUEENS,31,0.516,-0.013,179027,68.9,2,True,1,2024,medium,4619,7.492,4.137,2.135
OCEAN AVENUE @ PARKSIDE AVENUE,BROOKLYN,46,0.63,0.064,28250,107.7,3,True,1,2011,medium,8384,13.599,3.383,2.132
EAST BURNSIDE AVENUE @ JEROME AVENUE,BRONX,34,0.529,0.013,73071,7.0,3,True,1,2023,medium,5206,8.444,4.026,2.132
EAST 180 STREET @ SOUTHERN BOULEVARD,BRONX,34,0.706,0.086,79166,79.4,2,True,1,2026,medium,6963,11.294,3.01,2.125
5 AVENUE @ 65 STREET,BROOKLYN,28,0.643,0.1,17737,89.0,2,True,1,2015,medium,5272,8.55,3.275,2.105
FARMERS BOULEVARD @ ROCKAWAY BOULEVARD,QUEENS,60,0.517,0.08,170971,9.7,1,False,2,2025,medium,9202,14.926,4.02,2.077
3 AVENUE @ EAST 163 STREET,BRONX,60,0.567,0.011,70601,17.9,3,True,1,2016,medium,10224,16.583,3.618,2.05
LINDEN BOULEVARD @ MOTHER GASTON BOULEVARD,BROOKLYN,29,0.517,0.034,150305,44.3,1,True,1,2021,medium,4671,7.576,3.828,1.98
CROSS ISLAND PARKWAY @ HEMPSTEAD AVENUE,QUEENS,149,0.544,0.11,155613,23.0,7,True,1,2016,medium,25568,41.471,3.593,1.953
AVENUE J @ REMSEN AVENUE,BROOKLYN,28,0.893,0.208,128668,77.6,1,True,1,2018,medium,8056,13.067,2.143,1.913
FLATLANDS AVENUE @ ROCKAWAY PARKWAY,BROOKLYN,29,0.655,0.088,46397,49.6,1,True,1,2014,medium,6236,10.114,2.867,1.879
48 STREET @ NORTHERN BOULEVARD,QUEENS,48,0.792,0.099,67971,147.7,1,True,1,2019,medium,13030,21.135,2.271,1.798
EAST FORDHAM ROAD @ JEROME AVENUE,BRONX,30,0.5,-0.007,79757,135.9,1,True,1,2014,medium,5231,8.485,3.536,1.768
3 AVENUE @ EAST 149 STREET,BRONX,55,0.582,-0.016,70063,51.6,1,True,1,2014,medium,11378,18.456,2.98,1.734
KINGS HIGHWAY @ OCEAN PARKWAY,BROOKLYN,25,0.6,0.103,163241,62.8,2,True,1,2017,medium,5414,8.781,2.847,1.708
LENOX AVENUE @ WEST 125 STREET,MANHATTAN,55,0.527,-0.013,166550,135.1,1,True,1,2009,medium,10475,16.99,3.237,1.707
WESTCHESTER AVENUE @ WHITE PLAINS ROAD,BRONX,55,0.527,-0.004,177936,37.4,3,True,1,2015,medium,10878,17.644,3.117,1.644
3 AVENUE @ 60 STREET,BROOKLYN,59,0.593,0.098,161319,28.4,2,True,1,2015,medium,13425,21.775,2.709,1.607
LENOX AVENUE @ WEST 145 STREET,MANHATTAN,47,0.532,0.011,151132,49.3,1,True,1,2011,medium,9600,15.571,3.018,1.605
FLATLANDS AVENUE @ PENNSYLVANIA AVENUE,BROOKLYN,80,0.438,-0.007,144871,47.1,2,True,1,2012,medium,13496,21.891,3.654,1.599
ROCKAWAY PARKWAY @ SKIDMORE AVENUE,BROOKLYN,48,0.479,-0.036,157820,72.6,1,True,1,2014,medium,8907,14.448,3.322,1.592
BROADWAY @ WEST 145 STREET,MANHATTAN,40,0.575,0.001,158725,44.2,1,True,1,2013,medium,9114,14.783,2.706,1.556
FRESH POND ROAD @ METROPOLITAN AVENUE,QUEENS,48,0.521,0.024,48794,70.5,3,True,1,2011,medium,9996,16.213,2.961,1.542
71 AVENUE @ QUEENS BOULEVARD,QUEENS,33,0.485,-0.097,157065,56.7,1,True,1,2009,medium,6660,10.803,3.055,1.481
69 STREET @ BROADWAY,QUEENS,38,0.605,0.16,75767,34.8,4,True,1,2012,medium,9630,15.619,2.433,1.473
CLAY AVENUE @ WEBSTER AVENUE,BRONX,28,0.714,0.126,113476,68.2,2,True,1,2013,medium,8408,13.638,2.053,1.467
METROPOLITAN AVENUE @ WOODHAVEN BOULEVARD,QUEENS,49,0.51,0.017,169324,73.0,1,True,1,2010,medium,10523,17.068,2.871,1.465
AVENUE P @ OCEAN AVENUE,BROOKLYN,26,0.769,0.224,27255,39.7,2,True,1,2023,medium,8816,14.3,1.818,1.399
JEFFERSON STREET @ KNICKERBOCKER AVENUE,BROOKLYN,27,0.37,-0.136,44742,13.2,1,True,1,2015,medium,4428,7.182,3.759,1.392
EAST TREMONT AVENUE @ WHITE PLAINS ROAD,BRONX,36,0.5,-0.026,86000,60.9,2,True,1,2015,medium,8221,13.335,2.7,1.35
36 AVENUE @ VERNON BOULEVARD,QUEENS,28,0.571,-0.112,67174,33.8,1,True,1,2018,medium,7510,12.181,2.299,1.313
EMPIRE BOULEVARD @ WASHINGTON AVENUE,BROOKLYN,31,0.613,0.067,29279,41.2,5,True,1,2011,medium,9000,14.598,2.124,1.302
CROSS ISLAND PARKWAY @ LINDEN BOULEVARD,QUEENS,104,0.529,0.055,172079,46.3,2,False,2,2014,medium,26167,42.444,2.45,1.296
NEPTUNE AVENUE @ OCEAN PARKWAY,BROOKLYN,48,0.521,-0.078,189074,38.9,5,False,2,2022,medium,11908,19.315,2.485,1.294
3 AVENUE @ EAST 23 STREET,MANHATTAN,35,0.6,0.073,33167,7.3,2,True,1,2023,medium,10091,16.368,2.138,1.283
EASTCHESTER ROAD @ PELHAM PARKWAY,BRONX,68,0.588,0.075,193981,119.5,2,True,1,2017,medium,19479,31.595,2.152,1.266
EAST TREMONT AVENUE @ WEBSTER AVENUE,BRONX,50,0.58,0.002,78419,93.0,1,True,1,2023,medium,14690,23.827,2.098,1.217
FLATBUSH AVENUE @ PARKSIDE AVENUE,BROOKLYN,37,0.703,0.033,28382,41.4,4,True,1,2017,medium,13319,21.604,1.713,1.203
ATLANTIC AVENUE @ COURT STREET,BROOKLYN,32,0.531,-0.048,115088,70.5,1,True,1,2025,medium,8798,14.271,2.242,1.191
CHRYSTIE STREET @ DELANCEY STREET,MANHATTAN,71,0.62,0.062,164289,87.1,2,False,2,2017,medium,22845,37.054,1.916,1.187
HILLSIDE AVENUE @ VAN WYCK EXPRESSWAY,QUEENS,28,0.571,0.106,56511,71.1,1,True,1,2013,medium,8356,13.553,2.066,1.18
LENOX AVENUE @ WEST 135 STREET,MANHATTAN,41,0.537,0.03,151122,43.0,3,True,1,2009,medium,11770,19.092,2.148,1.152
LENOX ROAD @ UTICA AVENUE,BROOKLYN,35,0.714,0.179,42100,71.3,4,True,1,2010,medium,13706,22.232,1.574,1.125
ARCHER AVENUE @ SUTPHIN BOULEVARD,QUEENS,43,0.372,-0.105,57043,34.2,2,True,1,2014,medium,8905,14.444,2.977,1.108
WESTCHESTER AVENUE @ WHITLOCK AVENUE,BRONX,52,0.462,0.008,175927,14.2,1,True,1,2008,medium,13487,21.876,2.377,1.097
70 STREET @ QUEENS BOULEVARD,QUEENS,35,0.571,0.048,156397,27.6,1,True,1,2015,medium,11248,18.244,1.918,1.096
EAST 59 STREET @ FLATLANDS AVENUE,BROOKLYN,34,0.647,0.19,41389,24.7,3,True,1,2015,medium,12382,20.084,1.693,1.095
EAST 241 STREET @ WHITE PLAINS ROAD,BRONX,26,0.654,0.121,89398,129.3,1,False,2,2024,medium,9649,15.65,1.661,1.086
AVENUE U @ FLATBUSH AVENUE,BROOKLYN,88,0.546,0.056,151243,55.6,2,True,1,2022,medium,27642,44.836,1.963,1.071
160 STREET @ LIBERTY AVENUE,QUEENS,26,0.731,0.145,150611,28.7,1,True,1,2015,medium,10955,17.769,1.463,1.069
BORDEN AVENUE @ MAURICE AVENUE,QUEENS,103,0.495,0.059,66987,91.0,1,True,1,2019,medium,29818,48.366,2.13,1.054
EAST TREMONT AVENUE @ PARK AVENUE,BRONX,44,0.568,0.021,78419,36.1,1,True,1,2023,medium,14690,23.827,1.847,1.049
2 AVENUE @ EAST 125 STREET,MANHATTAN,95,0.39,0.019,69281,43.2,3,True,1,2012,medium,22133,35.9,2.646,1.031
EAST 116 STREET @ LEXINGTON AVENUE,MANHATTAN,40,0.525,-0.002,69045,22.5,1,True,1,2015,medium,12841,20.828,1.92,1.008
BAY PARKWAY @ CROPSEY AVENUE,BROOKLYN,52,0.481,-0.021,192045,25.6,3,True,1,2023,medium,15358,24.911,2.087,1.004
BARTOW AVENUE @ BAYCHESTER AVENUE,BRONX,45,0.489,0.063,145171,36.6,2,True,1,2010,medium,13660,22.156,2.031,0.993
4 AVENUE @ PROSPECT AVENUE,BROOKLYN,44,0.477,-0.02,186614,27.8,3,True,1,2016,medium,13065,21.192,2.076,0.991
EAST 135 STREET @ LINCOLN AVENUE,BRONX,49,0.633,0.197,9004563,42.6,3,True,1,2025,medium,19432,31.519,1.555,0.984
NEW LOTS AVENUE @ PENNSYLVANIA AVENUE,BROOKLYN,46,0.5,0.004,47518,132.7,1,True,1,2014,medium,14691,23.829,1.93,0.965
EAST 116 STREET @ MADISON AVENUE,MANHATTAN,38,0.526,0.11,38809,35.3,1,True,1,2015,medium,12986,21.063,1.804,0.949
4 AVENUE @ 65 STREET,BROOKLYN,31,0.677,0.234,137656,44.2,3,True,1,2010,medium,13887,22.524,1.376,0.932
LONGWOOD AVENUE @ SOUTHERN BOULEVARD,BRONX,35,0.514,-0.096,77482,60.7,2,False,2,2016,medium,11916,19.328,1.811,0.931
GRAND CENTRAL PARKWAY @ UTOPIA PARKWAY,QUEENS,36,0.611,0.143,151807,86.3,1,False,2,2021,medium,14812,24.026,1.498,0.916
LIVONIA AVENUE @ PENNSYLVANIA AVENUE,BROOKLYN,41,0.634,0.05,47536,92.3,4,True,1,2024,medium,17774,28.829,1.422,0.902
AVENUE SOUTH @ OCEAN PARKWAY,BROOKLYN,50,0.64,0.056,230717,134.8,1,True,1,2009,medium,21906,35.532,1.407,0.901
MAIN STREET @ NORTHERN BOULEVARD,QUEENS,31,0.452,-0.065,179237,94.8,1,True,1,2017,medium,9625,15.612,1.986,0.897
BUSHWICK AVENUE @ CONWAY STREET,BROOKLYN,44,0.477,0.058,47355,39.3,1,True,1,2013,medium,14529,23.567,1.867,0.891
EAST 188 STREET @ WEBSTER AVENUE,BRONX,28,0.5,-0.029,113574,68.6,4,True,1,2016,medium,9722,15.77,1.776,0.888
MAJOR DEEGAN EXPRESSWAY @ WEST 230 STREET,BRONX,50,0.58,0.188,79678,92.7,1,False,2,2012,medium,20224,32.804,1.524,0.884
RICHMOND AVENUE @ VICTORY BOULEVARD,STATEN ISLAND,50,0.36,-0.074,5491,57.8,2,True,1,2016,medium,12625,20.478,2.442,0.879
ATLANTIC AVENUE @ WOODHAVEN BOULEVARD,QUEENS,70,0.5,0.068,151734,49.0,1,True,1,2013,medium,24580,39.869,1.756,0.878
AVENUE T @ OCEAN PARKWAY,BROOKLYN,47,0.617,0.03,230717,134.7,1,True,1,2009,medium,21906,35.532,1.323,0.816
DITMAS AVENUE @ OCEAN PARKWAY,BROOKLYN,57,0.614,0.047,27822,19.4,3,True,1,2016,medium,27359,44.377,1.284,0.789
4 AVENUE @ 5 STREET,BROOKLYN,25,0.72,-0.043,196545,38.8,1,True,1,2009,medium,14074,22.829,1.095,0.788
2 AVENUE @ EAST 58 STREET,MANHATTAN,60,0.683,0.062,36263,41.7,5,True,1,2022,medium,33788,54.803,1.095,0.748
GRAND CONCOURSE @ MOUNT EDEN PARKWAY,BRONX,27,0.593,0.012,174385,47.7,2,True,1,2011,medium,13199,21.409,1.261,0.747
65 STREET @ BAY PARKWAY,BROOKLYN,28,0.5,-0.017,20483,54.6,4,True,1,2009,medium,11614,18.838,1.486,0.743
BAY RIDGE PARKWAY @ FORT HAMILTON PARKWAY,BROOKLYN,28,0.679,0.099,17358,72.6,4,False,2,2011,medium,15878,25.753,1.087,0.738
188 STREET @ HILLSIDE AVENUE,QUEENS,25,0.32,-0.144,61158,78.0,3,True,1,2012,medium,6699,10.865,2.301,0.736
BATH AVENUE @ BAY PARKWAY,BROOKLYN,30,0.5,-0.075,192043,90.5,1,True,1,2023,medium,12765,20.706,1.449,0.724
BAY STREET @ VICTORY BOULEVARD,STATEN ISLAND,30,0.433,-0.002,229198,31.8,1,True,1,2016,medium,11076,17.966,1.67,0.724
HEGEMAN AVENUE @ PENNSYLVANIA AVENUE,BROOKLYN,33,0.515,0.062,47518,112.2,2,True,1,2014,medium,14691,23.829,1.385,0.713
MEEKER AVENUE @ UNION AVENUE,BROOKLYN,42,0.5,-0.126,31149,74.4,5,False,2,2019,medium,19113,31.001,1.355,0.677
CLARKSON AVENUE @ UTICA AVENUE,BROOKLYN,30,0.5,-0.043,42100,71.2,3,True,1,2010,medium,13706,22.232,1.349,0.675
BROADWAY @ WEST 225 STREET,BRONX,46,0.413,-0.064,270800,53.8,4,True,1,2016,medium,17363,28.163,1.633,0.675
NEPTUNE AVENUE @ STILLWELL AVENUE,BROOKLYN,36,0.472,-0.125,19086,141.5,5,False,2,2011,medium,15822,25.663,1.403,0.662
LINDEN BOULEVARD @ MERRICK BOULEVARD,QUEENS,26,0.5,-0.086,155597,62.2,3,True,1,2015,medium,12204,19.794,1.313,0.657
4 AVENUE @ 60 STREET,BROOKLYN,25,0.56,0.047,157573,40.8,3,True,1,2010,medium,13153,21.335,1.172,0.656
LENOX ROAD @ NOSTRAND AVENUE,BROOKLYN,26,0.577,0.033,28732,84.2,1,True,1,2012,medium,14159,22.966,1.132,0.653
183 STREET @ LIBERTY AVENUE,QUEENS,26,0.5,0.047,106703,106.4,2,True,1,2016,medium,12341,20.017,1.299,0.649
101 AVENUE @ WOODHAVEN BOULEVARD,QUEENS,39,0.538,0.046,151663,99.9,2,True,1,2012,medium,20132,32.654,1.194,0.643
94 STREET @ GRAND CENTRAL PARKWAY,QUEENS,55,0.4,-0.02,146440,29.7,3,True,1,2016,medium,21148,34.302,1.603,0.641
2 AVENUE @ EAST 126 STREET,MANHATTAN,37,0.622,0.186,69281,42.5,1,True,1,2012,medium,22133,35.9,1.031,0.641
CROSS BAY BOULEVARD @ PITKIN AVENUE,QUEENS,30,0.667,0.095,157286,40.7,1,True,1,2010,medium,20022,32.476,0.924,0.616
CANAL STREET @ LAFAYETTE STREET,MANHATTAN,46,0.348,0.018,32329,42.9,1,True,1,2013,medium,16110,26.13,1.76,0.612
2 AVENUE @ EAST 42 STREET,MANHATTAN,49,0.571,0.033,35942,41.2,1,True,1,2019,medium,28372,46.019,1.065,0.608
ARTHUR AVENUE @ EAST FORDHAM ROAD,BRONX,32,0.5,0.002,80412,33.7,1,True,1,2023,medium,16802,27.252,1.174,0.587
BARTOW AVENUE @ EDSON AVENUE,BRONX,42,0.476,0.034,146398,34.7,1,False,2,2022,medium,21834,35.415,1.186,0.565
3 AVENUE @ EAST 57 STREET,MANHATTAN,29,0.552,-0.006,134999,39.9,3,True,1,2025,medium,17820,28.904,1.003,0.554
ADAM CLAYTON POWELL JR BOULEVARD @ WEST 125 STREET,MANHATTAN,28,0.571,0.039,9017010,109.0,2,False,2,2016,medium,17846,28.946,0.967,0.553
METROPOLITAN AVENUE @ UNION AVENUE,BROOKLYN,31,0.548,-0.039,31149,76.7,3,False,2,2019,medium,19113,31.001,1.0,0.548
MACOMBS DAM BRIDGE @ MAJOR DEEGAN EXPRESSWAY,BRONX,54,0.426,-0.043,122441,91.6,1,True,1,2017,medium,26370,42.773,1.262,0.538
MACOMBS PLACE @ WEST 155 STREET,MANHATTAN,47,0.489,0.078,71025,73.2,2,False,2,2024,medium,26448,42.899,1.096,0.536
WATERS PLACE @ WESTCHESTER AVENUE,BRONX,30,0.533,0.072,178335,72.6,1,False,2,2014,medium,18516,30.033,0.999,0.533
BAILEY AVENUE @ WEST 230 STREET,BRONX,34,0.5,0.057,79678,144.2,1,False,2,2012,medium,20224,32.804,1.036,0.518
2 AVENUE @ EAST 57 STREET,MANHATTAN,49,0.571,0.104,36263,44.2,4,True,1,2022,medium,33788,54.803,0.894,0.511
1 AVENUE @ EAST 34 STREET,MANHATTAN,33,0.546,0.053,35887,14.6,5,True,1,2017,medium,21874,35.479,0.93,0.507
AVENUE I @ FLATBUSH AVENUE,BROOKLYN,26,0.692,0.124,27660,147.9,4,False,2,2024,medium,21894,35.512,0.732,0.507
RICHMOND AVENUE @ YUKON AVENUE,STATEN ISLAND,29,0.552,0.141,149278,23.9,1,True,1,2016,medium,19690,31.938,0.908,0.501
FORT WASHINGTON AVENUE @ WEST 165 STREET,MANHATTAN,36,0.528,0.04,70704,61.2,4,False,2,2019,medium,23844,38.675,0.931,0.491
BROADWAY @ WEST 204 STREET,MANHATTAN,34,0.324,-0.064,72664,88.4,2,True,1,2013,medium,14338,23.256,1.462,0.473
31 STREET @ HOYT AVENUE NORTH,QUEENS,43,0.419,-0.01,111705,3.1,1,True,1,2016,medium,23974,38.886,1.106,0.463
AMSTERDAM AVENUE @ WEST 179 STREET,MANHATTAN,44,0.318,-0.027,108162,121.2,5,False,2,2021,medium,19054,30.906,1.424,0.453
3 AVENUE @ HAMILTON AVENUE,BROOKLYN,90,0.244,-0.123,195025,49.6,4,False,2,2025,medium,31258,50.7,1.775,0.434
BRUCKNER BOULEVARD @ ZEREGA AVENUE,BRONX,67,0.373,0.006,142841,112.4,2,True,1,2010,medium,35906,58.239,1.15,0.429
EAST GUN HILL ROAD @ WHITE PLAINS ROAD,BRONX,42,0.619,0.062,222121,94.8,2,False,2,2019,medium,38136,61.857,0.679,0.42
ROCKAWAY BOULEVARD @ WOODHAVEN BOULEVARD,QUEENS,32,0.531,0.045,151445,13.4,5,True,1,2009,medium,25098,40.71,0.786,0.418
BRUCKNER BOULEVARD @ LAFAYETTE AVENUE,BRONX,26,0.308,-0.16,77482,68.3,1,False,2,2016,medium,11916,19.328,1.345,0.414
EAST 96 STREET @ MADISON AVENUE,MANHATTAN,37,0.324,-0.095,37714,48.9,1,True,1,2025,medium,18006,29.206,1.267,0.411
LINDEN BOULEVARD @ ROGERS AVENUE,BROOKLYN,26,0.5,0.008,28605,122.9,1,False,2,2011,medium,19902,32.28,0.805,0.403
ATLANTIC AVENUE @ FRANKLIN AVENUE,BROOKLYN,27,0.556,0.011,152425,29.4,1,True,1,2019,medium,23109,37.483,0.72,0.4
HOOK CREEK BOULEVARD @ SOUTH CONDUIT AVENUE,QUEENS,32,0.688,0.17,64059,85.2,2,True,1,2021,medium,34235,55.529,0.576,0.396
LINDEN BOULEVARD @ SNEDIKER AVENUE,BROOKLYN,32,0.438,0.011,158203,45.4,3,True,1,2018,medium,21864,35.463,0.902,0.395
BROADWAY @ WEST 178 STREET,MANHATTAN,25,0.44,0.052,70969,48.8,2,True,1,2019,medium,17498,28.382,0.881,0.388
2 AVENUE @ EAST 38 STREET,MANHATTAN,32,0.75,0.102,35914,34.5,1,True,1,2018,medium,38211,61.978,0.516,0.387
BROADWAY @ WEST 60 STREET,MANHATTAN,27,0.37,-0.048,152158,24.5,5,True,1,2011,medium,16558,26.856,1.005,0.372
3 AVENUE @ EAST 34 STREET,MANHATTAN,36,0.444,-0.065,35738,10.0,1,True,1,2023,medium,26915,43.656,0.825,0.366
78 AVENUE @ QUEENS BOULEVARD,QUEENS,38,0.316,-0.159,156599,54.5,2,True,1,2019,medium,20395,33.08,1.149,0.363
4 AVENUE @ ATLANTIC AVENUE,BROOKLYN,61,0.328,-0.089,28962,138.5,2,False,2,2024,medium,36085,58.53,1.042,0.342
LORTEL AVENUE @ SLOSSON AVENUE,STATEN ISLAND,27,0.222,-0.19,194031,38.2,1,True,1,2011,medium,11536,18.712,1.443,0.321
3 AVENUE @ 37 STREET,BROOKLYN,26,0.423,-0.052,161764,39.7,1,True,1,2016,medium,21156,34.316,0.758,0.321
2 AVENUE @ EAST 34 STREET,MANHATTAN,63,0.381,-0.063,35746,47.0,1,True,1,2015,medium,47124,76.435,0.824,0.314
2 AVENUE @ EAST 23 STREET,MANHATTAN,42,0.429,-0.029,33290,42.4,1,True,1,2013,medium,36207,58.728,0.715,0.307
9 AVENUE @ WEST 45 STREET,MANHATTAN,28,0.5,-0.058,33846,39.4,1,True,1,2014,medium,28910,46.892,0.597,0.299
AMSTERDAM AVENUE @ WEST 180 STREET,MANHATTAN,26,0.231,-0.091,71297,11.9,3,True,1,2016,medium,12805,20.769,1.252,0.289
BRUCKNER BOULEVARD @ WILLIS AVENUE,BRONX,32,0.375,0.01,276694,78.7,1,True,1,2025,medium,26108,42.347,0.756,0.283
234 STREET @ LINDEN BOULEVARD,QUEENS,30,0.4,-0.074,172079,123.7,2,False,2,2014,medium,26167,42.444,0.707,0.283
ATLANTIC AVENUE @ SMITH STREET,BROOKLYN,32,0.438,-0.036,132626,64.4,1,False,2,2020,medium,31545,51.165,0.625,0.274
EAST HOUSTON STREET @ FDR DRIVE,MANHATTAN,34,0.176,-0.209,34686,135.0,1,True,1,2014,medium,13716,22.248,1.528,0.27
EAST 62 STREET @ YORK AVENUE,MANHATTAN,38,0.263,-0.098,36517,118.5,3,False,2,2023,medium,23355,37.882,1.003,0.264
MEEKER AVENUE @ METROPOLITAN AVENUE,BROOKLYN,25,0.28,-0.108,31134,42.0,4,True,1,2019,medium,16790,27.233,0.918,0.257
EAST 57 STREET @ PARK AVENUE,MANHATTAN,26,0.462,0.093,158573,126.9,2,False,2,2013,medium,29945,48.572,0.535,0.247
DEVOE AVENUE @ EAST 177 STREET,BRONX,26,0.346,0.015,9014434,126.6,1,False,2,2019,medium,22701,36.82,0.706,0.244
17 STREET @ 3 AVENUE,BROOKLYN,27,0.444,0.085,195025,80.3,1,False,2,2025,medium,31258,50.7,0.533,0.237
CLINTON STREET @ HAMILTON AVENUE,BROOKLYN,32,0.25,-0.084,21930,91.6,3,True,1,2022,medium,20975,34.021,0.941,0.235
9 AVENUE @ WEST 40 STREET,MANHATTAN,25,0.44,-0.011,33699,35.9,1,True,1,2017,medium,29506,47.859,0.522,0.23
43 STREET @ ASTORIA BOULEVARD,QUEENS,26,0.462,0.02,75506,45.1,4,True,1,2020,medium,32867,53.31,0.488,0.225
MARCY AVENUE @ METROPOLITAN AVENUE,BROOKLYN,27,0.222,-0.179,30993,73.0,1,True,1,2024,medium,16630,26.974,1.001,0.222
FLATBUSH AVENUE @ LAFAYETTE AVENUE,BROOKLYN,46,0.435,-0.042,28973,127.8,2,False,2,2010,medium,56251,91.24,0.504,0.219
5 AVENUE @ FLATBUSH AVENUE,BROOKLYN,25,0.48,-0.103,28962,140.9,1,False,2,2024,medium,36085,58.53,0.427,0.205
ATLANTIC AVENUE @ FORT GREENE PLACE,BROOKLYN,33,0.364,-0.025,28962,100.0,1,False,2,2024,medium,36085,58.53,0.564,0.205
BROADWAY @ DYCKMAN STREET,MANHATTAN,26,0.154,-0.3,72608,65.7,2,True,1,2020,medium,12160,19.724,1.318,0.203
77 STREET @ ASTORIA BOULEVARD,QUEENS,43,0.349,-0.025,76140,107.6,1,True,1,2016,medium,47006,76.244,0.564,0.197
EAST GUN HILL ROAD @ HOLLAND AVENUE,BRONX,25,0.48,0.036,222121,67.8,1,False,2,2019,medium,38136,61.857,0.404,0.194
2 AVENUE @ EAST 37 STREET,MANHATTAN,26,0.462,0.129,35914,43.8,1,True,1,2018,medium,38211,61.978,0.42,0.194
FLATBUSH AVENUE @ PACIFIC STREET,BROOKLYN,27,0.407,-0.049,28962,82.0,1,False,2,2024,medium,36085,58.53,0.461,0.188
CROPSEY AVENUE @ NEPTUNE AVENUE,BROOKLYN,32,0.281,-0.136,109272,48.4,7,False,2,2022,medium,30984,50.256,0.637,0.179
CADMAN PLAZA WEST @ PROSPECT STREET,BROOKLYN,30,0.333,-0.074,157951,34.5,1,False,2,2025,medium,38053,61.722,0.486,0.162
HUTCHINSON RIVER PARKWAY @ NEW ENGLAND THRUWAY,BRONX,25,0.32,-0.083,144174,91.8,1,True,1,2008,medium,31369,50.881,0.491,0.157
8 AVENUE @ WEST 44 STREET,MANHATTAN,27,0.296,-0.068,33955,39.5,1,True,1,2014,medium,31714,51.441,0.525,0.156
8 AVENUE @ WEST 43 STREET,MANHATTAN,27,0.222,-0.069,33955,39.8,1,True,1,2014,medium,31714,51.441,0.525,0.117
GRAND STREET @ METROPOLITAN AVENUE,BROOKLYN,26,0.231,-0.17,44643,23.0,5,False,2,2024,medium,34529,56.006,0.464,0.107
4 AVENUE @ FLATBUSH AVENUE,BROOKLYN,28,0.25,-0.15,28973,103.7,2,False,2,2010,medium,56251,91.24,0.307,0.077
