factor,crashes,predicted_rate,observed_rate
Pedestrian/Bicyclist/Other Pedestrian Error/Confusion,4706,0.8324754912490561,0.8309
Lost Consciousness,842,0.8323454230240717,0.7933
Not recorded,2798,0.8290325888596087,0.8452
Illnes,710,0.7546264665816201,0.7028
Failure To Yield Right-Of-Way,28247,0.6856878816990291,0.7102
Traffic Control Disregarded,11384,0.6262104639186077,0.6369
Glare,690,0.6088472350202668,0.5884
Passenger Distraction,1198,0.515602406733999,0.5534
Unsafe Speed,14581,0.5053454297597739,0.4969
View Obstructed/Limited,3884,0.5011361530481652,0.5214
Brakes Defective,1590,0.4882312225926281,0.495
Driver Inattention/Distraction,101478,0.42195435979288975,0.436
Aggressive Driving/Road Rage,3537,0.4202570764817827,0.3904
Following Too Closely,24805,0.42021912726695543,0.4445
Outside Car Distraction,921,0.4144419196483132,0.3952
Fell Asleep,1848,0.40712341826885046,0.3994
Reaction To Uninvolved Vehicle,4702,0.4037558110861691,0.4351
Pavement Slippery,3172,0.39904829572224665,0.4174
Alcohol Involvement,7716,0.3966798931124122,0.3625
Driver Inexperience,8828,0.3788980853831271,0.379
Turning Improperly,9633,0.37023332350626453,0.3873
Other Vehicular,13215,0.34426566381892326,0.3631
Steering Failure,897,0.3365408801582403,0.311
Obstruction/Debris,882,0.328712730991821,0.3469
Unsafe Lane Changing,8436,0.3287106586636151,0.3681
Tire Failure/Inadequate,652,0.3240858562712102,0.3298
Unspecified,102528,0.30877364494054044,0.3399
Passing Or Lane Usage Improper,17483,0.2876204464634627,0.3154
Backing Unsafely,12559,0.20876332031243622,0.2189
Passing Too Closely,14172,0.13355741907259502,0.1467
Oversized Vehicle,1655,0.1299113624055899,0.1523
